Category,Min,Avg,Max,Std
A,10,11.5,13,1.2909944487358056
B,14,15.666666666666666,18,2.0816659994661326
C,25,27.666666666666668,30,2.516611478423583
